{
  "users": [
    {
      "active": true,
      "name": "Franck Yoteu",
      "email": "fr@mail.com",
      "id": 1
    },
    {
      "active": true,
      "name": "Marie Curie",
      "email": "mc@mail.com",
      "id": 2
    },
    {
      "active": true,
      "name": "Albert Einstein",
      "email": "ae@mail.com",
      "id": 3
    },
    {
      "active": false,
      "name": "Rosa Parks",
      "email": "rp@mail.com",
      "id": 4
    },
    {
      "0": {
        "active": true,
        "name": "Nelson Mandela",
        "email": "nm@mail.com",
        "id": 5
      },
      "name": "Nelson Mandela",
      "email": "nm@mail.com",
      "active": true,
      "id": 5
    },
    {
      "0": {
        "active": true,
        "name": "Jane Austen",
        "email": "ja@mail.com",
        "id": 6
      },
      "name": "Jane Austen",
      "email": "ja@mail.com",
      "active": true,
      "id": 6
    },
    {
      "active": true,
      "name": "Leonardo da Vinci",
      "email": "ldv@mail.com",
      "id": 7
    },
    {
      "active": true,
      "name": "William Shakespeare",
      "email": "ws@mail.com",
      "id": 8
    },
    {
      "active": false,
      "name": "Cleopatra",
      "email": "cleo@mail.com",
      "id": 9
    },
    {
      "active": true,
      "name": "Genghis Khan",
      "email": "gk@mail.com",
      "id": 10
    },
    {
      "active": true,
      "name": "Joan of Arc",
      "email": "joa@mail.com",
      "id": 11
    },
    {
      "active": false,
      "name": "Wolfgang Amadeus Mozart",
      "email": "wam@mail.com",
      "id": 12
    },
    {
      "active": true,
      "name": "Joyce",
      "email": "joyce@gmail.com",
      "id": 13
    },
    {
      "active": true,
      "name": "Jason",
      "email": "Jason@gmail.com",
      "id": 14
    }
  ],
  "posts": [
    {
      "title": "Understanding React Admin",
      "userId": 1,
      "publishedAt": "2024-02-10",
      "status": "published",
      "published": true,
      "id": 1
    },
    {
      "title": "Advanced State Management with Redux",
      "userId": 2,
      "publishedAt": "2024-02-11",
      "status": "published",
      "published": true,
      "id": 2
    },
    {
      "title": "Next.js for Full-Stack Apps",
      "userId": 3,
      "publishedAt": "2024-02-12",
      "status": "published",
      "published": true,
      "id": 3
    },
    {
      "title": "Optimizing React Performance",
      "userId": 4,
      "publishedAt": "2024-02-15",
      "status": "published",
      "published": false,
      "id": 4
    },
    {
      "title": "Building Progressive Web Apps with React",
      "userId": 5,
      "publishedAt": "2024-02-19",
      "status": "unpublished",
      "published": true,
      "id": 5
    },
    {
      "title": "React Router: Navigating Your App",
      "userId": 6,
      "publishedAt": "2024-02-22",
      "status": "published",
      "published": true,
      "id": 6
    },
    {
      "title": "Animations in React with Framer Motion",
      "userId": 7,
      "publishedAt": "2024-02-23",
      "status": "published",
      "published": true,
      "id": 7
    },
    {
      "title": "Understanding React Props and State",
      "userId": 8,
      "publishedAt": "2024-02-24",
      "status": "published",
      "published": false,
      "id": 8
    },
    {
      "title": "Code Splitting in React Applications",
      "userId": 9,
      "publishedAt": "2024-02-25",
      "status": "published",
      "published": true,
      "id": 9
    },
    {
      "title": "Using Webpack for React Projects",
      "userId": 10,
      "publishedAt": "2024-02-26",
      "status": "published",
      "published": true,
      "id": 10
    },
    {
      "title": "React Native: Building Mobile Apps",
      "userId": 11,
      "publishedAt": "2024-02-27",
      "status": "published",
      "published": true,
      "id": 11
    },
    {
      "title": "Error Boundaries in React",
      "userId": 12,
      "publishedAt": "2024-02-28",
      "status": "published",
      "published": true,
      "id": 12
    },
    {
      "title": "Using GraphQL with React",
      "userId": 13,
      "publishedAt": "2024-02-29",
      "status": "published",
      "published": true,
      "id": 13
    },
    {
      "title": "Authentication Strategies in React Apps",
      "userId": 1,
      "publishedAt": "2024-03-01",
      "status": "published",
      "published": true,
      "id": 14
    },
    {
      "title": "Deploying React Apps: A Guide",
      "userId": 2,
      "publishedAt": "2024-03-02",
      "status": "published",
      "published": true,
      "id": 15
    },
    {
      "title": "Using Docker with React",
      "userId": 3,
      "publishedAt": "2024-03-03",
      "status": "published",
      "published": true,
      "id": 16
    },
    {
      "title": "React 18 Features: What's New?",
      "userId": 4,
      "publishedAt": "2024-03-04",
      "status": "published",
      "published": true,
      "id": 17
    },
    {
      "title": "React and TypeScript: Best Practices",
      "userId": 5,
      "publishedAt": "2024-03-05",
      "status": "published",
      "published": true,
      "id": 18
    },
    {
      "title": "Lazy Loading Components in React",
      "userId": 6,
      "publishedAt": "2024-03-06",
      "status": "published",
      "published": true,
      "id": 19
    },
    {
      "title": "State Synchronization in React Apps",
      "userId": 7,
      "publishedAt": "2024-03-07",
      "status": "published",
      "published": true,
      "id": 20
    },
    {
      "title": "Understanding Middleware in Redux",
      "userId": 8,
      "publishedAt": "2024-03-08",
      "status": "published",
      "published": true,
      "id": 21
    },
    {
      "title": "Custom Hooks in React: A Practical Guide",
      "userId": 9,
      "publishedAt": "2024-03-09",
      "status": "published",
      "published": true,
      "id": 22
    },
    {
      "title": "Component Libraries for React",
      "userId": 10,
      "publishedAt": "2024-03-10",
      "status": "published",
      "published": true,
      "id": 23
    },
    {
      "title": "Understanding React's Suspense",
      "userId": 11,
      "publishedAt": "2024-03-11",
      "status": "published",
      "published": true,
      "id": 24
    },
    {
      "title": "Micro Frontends with React",
      "userId": 12,
      "publishedAt": "2024-03-12",
      "status": "published",
      "published": true,
      "id": 25
    },
    {
      "title": "Storybook for React Components",
      "userId": 13,
      "publishedAt": "2024-03-13",
      "status": "published",
      "published": true,
      "id": 26
    },
    {
      "title": "SEO Optimization for React Apps",
      "userId": 1,
      "publishedAt": "2024-03-14",
      "status": "published",
      "published": true,
      "id": 27
    },
    {
      "title": "Accessibility in React Applications",
      "userId": 2,
      "publishedAt": "2024-03-15",
      "status": "published",
      "published": true,
      "id": 28
    },
    {
      "title": "Using WebSockets in React",
      "userId": 3,
      "publishedAt": "2024-03-16",
      "status": "published",
      "published": true,
      "id": 29
    },
    {
      "title": "React and Web Workers",
      "userId": 4,
      "publishedAt": "2024-03-17",
      "status": "published",
      "published": true,
      "id": 30
    },
    {
      "title": "Building Forms with React Hook Form",
      "userId": 5,
      "publishedAt": "2024-03-18",
      "status": "published",
      "published": true,
      "id": 31
    },
    {
      "title": "React DevTools: Debugging Made Easy",
      "userId": 6,
      "publishedAt": "2024-03-19",
      "status": "published",
      "published": true,
      "id": 32
    },
    {
      "title": "Implementing JWT Authentication in React",
      "userId": 7,
      "publishedAt": "2024-03-20",
      "status": "published",
      "published": true,
      "id": 33
    },
    {
      "title": "React Server Components: A New Paradigm",
      "userId": 8,
      "publishedAt": "2024-03-21",
      "status": "published",
      "published": true,
      "id": 34
    },
    {
      "title": "Understanding Concurrency in React",
      "userId": 9,
      "publishedAt": "2024-03-22",
      "status": "published",
      "published": true,
      "id": 35
    },
    {
      "title": "React Performance Monitoring Tools",
      "userId": 10,
      "publishedAt": "2024-03-23",
      "status": "published",
      "published": true,
      "id": 36
    },
    {
      "title": "Integrating REST APIs in React Apps",
      "userId": 11,
      "publishedAt": "2024-03-24",
      "status": "published",
      "published": true,
      "id": 37
    },
    {
      "title": "Understanding the Virtual DOM in React",
      "userId": 12,
      "publishedAt": "2024-03-25",
      "status": "published",
      "published": true,
      "id": 38
    },
    {
      "title": "Using Vite with React",
      "userId": 13,
      "publishedAt": "2024-03-26",
      "status": "published",
      "published": true,
      "id": 39
    },
    {
      "title": "React 18: Concurrent Mode Explained",
      "userId": 1,
      "publishedAt": "2024-03-27",
      "status": "published",
      "published": true,
      "id": 40
    },
    {
      "title": "Using Zustand for State Management",
      "userId": 2,
      "publishedAt": "2024-03-28",
      "status": "published",
      "published": true,
      "id": 41
    },
    {
      "title": "Building APIs with Node.js and Express",
      "userId": 3,
      "publishedAt": "2024-03-29",
      "status": "published",
      "published": true,
      "id": 42
    },
    {
      "title": "React and the JAMstack",
      "userId": 4,
      "publishedAt": "2024-03-30",
      "status": "published",
      "published": true,
      "id": 43
    }
  ]
}